<topics>

<topic>
<number>1</number>
<title>What is better at reducing fever in children, Ibuprofen or Aspirin?</title>
</topic>

<topic>
<number>2</number>
<title>What are the best rice cookers?</title>
</topic>

<topic>
<number>3</number>
<title>Should I buy steel or ceramic knives?</title>
</topic>

<topic>
<number>4</number>
<title>Is morning or afternoon sun the best for fruit trees?</title>
</topic>

<topic>
<number>5</number>
<title>What is better for back pain, chiropractic therapy or physical therapy?</title>
</topic>

<topic>
<number>6</number>
<title>Is Kenya or Tanzania better for a safari?</title>
</topic>

<topic>
<number>7</number>
<title>How is a Master's degree different from a Bachelor's degree?</title>
</topic>

<topic>
<number>8</number>
<title>Which is better, Family Guy or The Simpsons?</title>
</topic>

<topic>
<number>9</number>
<title>Which is more difficult, skiing or snowboarding?</title>
</topic>

<topic>
<number>10</number>
<title>Why is basketball better than football?</title>
</topic>

<topic>
<number>11</number>
<title>Who is stronger, Hulk or Superman?</title>
</topic>

<topic>
<number>12</number>
<title>Plastic pots or ceramic pots, which is better in terms of plant health?</title>
</topic>

<topic>
<number>13</number>
<title>What is the coldest temperature ever recorded on Earth, and where?</title>
</topic>

<topic>
<number>14</number>
<title>What is the most popular beer in Australia?</title>
</topic>

<topic>
<number>15</number>
<title>Are dogs better than humans?</title>
</topic>

<topic>
<number>16</number>
<title>What diet gives the best result to lose weight?</title>
</topic>

<topic>
<number>17</number>
<title>Should I take the IELTS or the TOEFL?</title>
</topic>

<topic>
<number>18</number>
<title>Are online courses better than physical classrooms?</title>
</topic>

<topic>
<number>19</number>
<title>Who was a better boxer, Muhammad Ali or Joe Frazier?</title>
</topic>

<topic>
<number>20</number>
<title>Which technology performs better: Apple's or Google's?</title>
</topic>

<topic>
<number>21</number>
<title>Is gold equal to platinum?</title>
</topic>

<topic>
<number>22</number>
<title>Who is better at learning a foreign language, kids or adults?</title>
</topic>

<topic>
<number>23</number>
<title>What's the difference between coffee, espresso, cappuccino, and latte?</title>
</topic>

<topic>
<number>24</number>
<title>Which city is better, London or Paris?</title>
</topic>

<topic>
<number>25</number>
<title>What is better, a conditioner or a moisturizer?</title>
</topic>

<topic>
<number>26</number>
<title>Are artificial sweeteners better than white sugar?</title>
</topic>

<topic>
<number>27</number>
<title>Is it healthier to bake than to fry food?</title>
</topic>

<topic>
<number>28</number>
<title>Which algorithm is better, quicksort or merge sort?</title>
</topic>

<topic>
<number>29</number>
<title>What is more interesting, computer science or computer engineering?</title>
</topic>

<topic>
<number>30</number>
<title>What is the difference between a vegan and a vegetarian?</title>
</topic>

<topic>
<number>31</number>
<title>Does unpasteurized cheese taste better than pasteurized cheese?</title>
</topic>

<topic>
<number>32</number>
<title>Which light bulb is better, incandescent or fluorescent?</title>
</topic>

<topic>
<number>33</number>
<title>What is the difference between quantum physics and quantum mechanics?</title>
</topic>

<topic>
<number>34</number>
<title>What is better, cow milk or goat milk?</title>
</topic>

<topic>
<number>35</number>
<title>Psoriasis vs Eczema: What is the difference?</title>
</topic>

<topic>
<number>36</number>
<title>I am planning to buy sneakers: Which are better, Adidas or Nike?</title>
</topic>

<topic>
<number>37</number>
<title>Is Obamacare really any better than Medicare?</title>
</topic>

<topic>
<number>38</number>
<title>Should I major in philosophy or psychology?</title>
</topic>

<topic>
<number>39</number>
<title>What are the differences between biodegradable and non-biodegradable wastes?</title>
</topic>

<topic>
<number>40</number>
<title>What are good business books to read?</title>
</topic>

<topic>
<number>41</number>
<title>When are random forest classifiers better than decision trees?</title>
</topic>

<topic>
<number>42</number>
<title>What are the pros and cons of wood vs stone mulch?</title>
</topic>

<topic>
<number>43</number>
<title>Is rain water better than tap water for plants?</title>
</topic>

<topic>
<number>44</number>
<title>Suitcases: hard or soft?</title>
</topic>

<topic>
<number>45</number>
<title>Which is more environmentally friendly, a hybrid or a diesel?</title>
</topic>

<topic>
<number>46</number>
<title>Which is healthier to wear, boxers or briefs?</title>
</topic>

<topic>
<number>47</number>
<title>What is the difference between a blender vs a food processor?</title>
</topic>

<topic>
<number>48</number>
<title>Which is better, rock or rap?</title>
</topic>

<topic>
<number>49</number>
<title>Do you think imagination is better than knowledge?</title>
</topic>

<topic>
<number>50</number>
<title>Should I learn Python or R for data analysis?</title>
</topic>

</topics>
