<topics>
	
<topic>
<number>51</number>
<title>Do we need sex education in schools?</title>
</topic>

<topic>
<number>52</number>
<title>Should stem cell research be expanded?</title>
</topic>

<topic>
<number>53</number>
<title>Should blood donations be financially compensated?</title>
</topic>

<topic>
<number>54</number>
<title>Should suicide be a criminal offense?</title>
</topic>

<topic>
<number>55</number>
<title>Should agricultural subsidies be reduced?</title>
</topic>

<topic>
<number>56</number>
<title>Should vigilantism be legal?</title>
</topic>

<topic>
<number>57</number>
<title>Are gender or racial quotas effective?</title>
</topic>

<topic>
<number>58</number>
<title>Should holders of public offices resign on bad approval ratings?</title>
</topic>

<topic>
<number>59</number>
<title>Should nuclear weapons be abolished?</title>
</topic>

<topic>
<number>60</number>
<title>Should the press be subsidized?</title>
</topic>

<topic>
<number>61</number>
<title>Is wind power the best alternative energy source?</title>
</topic>

<topic>
<number>62</number>
<title>Is utilitarianism morally acceptable?</title>
</topic>

<topic>
<number>63</number>
<title>Is capitalism the best form of economy?</title>
</topic>

<topic>
<number>64</number>
<title>Should music that glorifies violence against women be banned?</title>
</topic>

<topic>
<number>65</number>
<title>Should we imprison fewer people?</title>
</topic>

<topic>
<number>66</number>
<title>Is hell a real place?</title>
</topic>

<topic>
<number>67</number>
<title>Can terrorism be justified?</title>
</topic>

<topic>
<number>68</number>
<title>Should celibacy be abolished?</title>
</topic>

<topic>
<number>69</number>
<title>Do animals have rights?</title>
</topic>

<topic>
<number>70</number>
<title>Is feminism still needed?</title>
</topic>

<topic>
<number>71</number>
<title>Do politicians have no right to privacy?</title>
</topic>

<topic>
<number>72</number>
<title>Should Scotland become independent?</title>
</topic>

<topic>
<number>73</number>
<title>Should endangered species be protected?</title>
</topic>

<topic>
<number>74</number>
<title>Should all museums be free of charge?</title>
</topic>

<topic>
<number>75</number>
<title>Do humans have free will?</title>
</topic>

<topic>
<number>76</number>
<title>Are video games art?</title>
</topic>

<topic>
<number>77</number>
<title>Should humans attempt to contact extra-terrestrial life?</title>
</topic>

<topic>
<number>78</number>
<title>Is psychology a science?</title>
</topic>

<topic>
<number>79</number>
<title>Is chess a sport?</title>
</topic>

<topic>
<number>80</number>
<title>How can we combat cyberbullying?</title>
</topic>

<topic>
<number>81</number>
<title>Is genetically modified food unsafe?</title>
</topic>

<topic>
<number>82</number>
<title>Does poverty cause crime?</title>
</topic>

<topic>
<number>83</number>
<title>Should prostitution be legalized?</title>
</topic>

<topic>
<number>84</number>
<title>Is the earth flat?</title>
</topic>

<topic>
<number>85</number>
<title>Should human cloning be banned?</title>
</topic>

<topic>
<number>86</number>
<title>Is communism better than democracy?</title>
</topic>

<topic>
<number>87</number>
<title>Are gas prices too high?</title>
</topic>

<topic>
<number>88</number>
<title>Should Turkey join the EU?</title>
</topic>

<topic>
<number>89</number>
<title>Should hate speech be penalized more?</title>
</topic>

<topic>
<number>90</number>
<title>Was the Iraq war legal?</title>
</topic>

<topic>
<number>91</number>
<title>Should bullfighting be banned?</title>
</topic>

<topic>
<number>92</number>
<title>Should the UNO become a world government?</title>
</topic>

<topic>
<number>93</number>
<title>How should nuclear waste be stored?</title>
</topic>

<topic>
<number>94</number>
<title>Should children have mobile phones?</title>
</topic>

<topic>
<number>95</number>
<title>Should the inheritance tax be raised?</title>
</topic>

<topic>
<number>96</number>
<title>Should government spending be reduced?</title>
</topic>

<topic>
<number>97</number>
<title>Should children beauty contests be banned?</title>
</topic>

<topic>
<number>98</number>
<title>Should the US Electoral college be abolished?</title>
</topic>

<topic>
<number>99</number>
<title>Should social networks be banned?</title>
</topic>

<topic>
<number>100</number>
<title>Do we need cash?</title>
</topic>

</topics>
