<topics>
	
<topic>
<number>1</number>
<title>Do we need sex education in schools?</title>
</topic>

<topic>
<number>2</number>
<title>Should stem cell research be expanded?</title>
</topic>

<topic>
<number>3</number>
<title>Should blood donations be financially compensated?</title>
</topic>

<topic>
<number>4</number>
<title>Should suicide be a criminal offense?</title>
</topic>

<topic>
<number>5</number>
<title>Should agricultural subsidies be reduced?</title>
</topic>

<topic>
<number>6</number>
<title>Should vigilantism be legal?</title>
</topic>

<topic>
<number>7</number>
<title>Are gender or racial quotas effective?</title>
</topic>

<topic>
<number>8</number>
<title>Should holders of public offices resign on bad approval ratings?</title>
</topic>

<topic>
<number>9</number>
<title>Should nuclear weapons be abolished?</title>
</topic>

<topic>
<number>10</number>
<title>Should the press be subsidized?</title>
</topic>

<topic>
<number>11</number>
<title>Is wind power the best alternative energy source?</title>
</topic>

<topic>
<number>12</number>
<title>Is utilitarianism morally acceptable?</title>
</topic>

<topic>
<number>13</number>
<title>Is capitalism the best form of economy?</title>
</topic>

<topic>
<number>14</number>
<title>Should music that glorifies violence against women be banned?</title>
</topic>

<topic>
<number>15</number>
<title>Should we imprison fewer people?</title>
</topic>

<topic>
<number>16</number>
<title>Is hell a real place?</title>
</topic>

<topic>
<number>17</number>
<title>Can terrorism be justified?</title>
</topic>

<topic>
<number>18</number>
<title>Should celibacy be abolished?</title>
</topic>

<topic>
<number>19</number>
<title>Do animals have rights?</title>
</topic>

<topic>
<number>20</number>
<title>Is feminism still needed?</title>
</topic>

<topic>
<number>21</number>
<title>Do politicians have no right to privacy?</title>
</topic>

<topic>
<number>22</number>
<title>Should Scotland become independent?</title>
</topic>

<topic>
<number>23</number>
<title>Should endangered species be protected?</title>
</topic>

<topic>
<number>24</number>
<title>Should all museums be free of charge?</title>
</topic>

<topic>
<number>25</number>
<title>Do humans have free will?</title>
</topic>

<topic>
<number>26</number>
<title>Are video games art?</title>
</topic>

<topic>
<number>27</number>
<title>Should humans attempt to contact extra-terrestrial life?</title>
</topic>

<topic>
<number>28</number>
<title>Is psychology a science?</title>
</topic>

<topic>
<number>29</number>
<title>Is chess a sport?</title>
</topic>

<topic>
<number>30</number>
<title>How can we combat cyberbullying?</title>
</topic>

<topic>
<number>31</number>
<title>Is genetically modified food unsafe?</title>
</topic>

<topic>
<number>32</number>
<title>Does poverty cause crime?</title>
</topic>

<topic>
<number>33</number>
<title>Should prostitution be legalized?</title>
</topic>

<topic>
<number>34</number>
<title>Is the earth flat?</title>
</topic>

<topic>
<number>35</number>
<title>Should human cloning be banned?</title>
</topic>

<topic>
<number>36</number>
<title>Is communism better than democracy?</title>
</topic>

<topic>
<number>37</number>
<title>Are gas prices too high?</title>
</topic>

<topic>
<number>38</number>
<title>Should Turkey join the EU?</title>
</topic>

<topic>
<number>39</number>
<title>Should hate speech be penalized more?</title>
</topic>

<topic>
<number>40</number>
<title>Was the Iraq war legal?</title>
</topic>

<topic>
<number>41</number>
<title>Should bullfighting be banned?</title>
</topic>

<topic>
<number>42</number>
<title>Should the UNO become a world government?</title>
</topic>

<topic>
<number>43</number>
<title>How should nuclear waste be stored?</title>
</topic>

<topic>
<number>44</number>
<title>Should children have mobile phones?</title>
</topic>

<topic>
<number>45</number>
<title>Should the inheritance tax be raised?</title>
</topic>

<topic>
<number>46</number>
<title>Should government spending be reduced?</title>
</topic>

<topic>
<number>47</number>
<title>Should children beauty contests be banned?</title>
</topic>

<topic>
<number>48</number>
<title>Should the US Electoral college be abolished?</title>
</topic>

<topic>
<number>49</number>
<title>Should social networks be banned?</title>
</topic>

<topic>
<number>50</number>
<title>Do we need cash?</title>
</topic>

</topics>
